company_name,parent_link,company_linkedin,cofounder_count,investment_manager_count,cofounders_name,cofounders_linkedin,investment_managers,cofounders_json,investment_managers_json,error
123Formbuilder,https://212.vc/123formbuilder/,https://www.linkedin.com/company/123formbuilder/,1,1,Florin Cornianu,https://www.linkedin.com/in/florincornianu,Maher Hakim,"[{""name"": ""Florin Cornianu"", ""linkedin"": ""https://www.linkedin.com/in/florincornianu""}]","[""Maher Hakim""]",
Aepnus,https://212.vc/aepnus/,https://www.linkedin.com/company/aepnus-technology/,2,1,Lukas Hackl | Bilen Akuzum,https://www.linkedin.com/in/lukashackl | https://www.linkedin.com/in/bilen-akuzum,Caglar Urcan,"[{""name"": ""Lukas Hackl"", ""linkedin"": ""https://www.linkedin.com/in/lukashackl""}, {""name"": ""Bilen Akuzum"", ""linkedin"": ""https://www.linkedin.com/in/bilen-akuzum""}]","[""Caglar Urcan""]",
Agrotics,https://212.vc/agrotics/,https://www.linkedin.com/company/agrotics/,1,1,Mehmet Coka,https://www.linkedin.com/in/mehmetcoka,Selma Bahcivanoglu,"[{""name"": ""Mehmet Coka"", ""linkedin"": ""https://www.linkedin.com/in/mehmetcoka""}]","[""Selma Bahcivanoglu""]",
Aibuild,https://212.vc/aibuild/,https://www.linkedin.com/company/ai-build/,2,1,Daghan Cam | Michail Desyllas,https://www.linkedin.com/in/daghan-cam-11490629 | https://www.linkedin.com/in/michail-desyllas-17785730,Caglar Urcan,"[{""name"": ""Daghan Cam"", ""linkedin"": ""https://www.linkedin.com/in/daghan-cam-11490629""}, {""name"": ""Michail Desyllas"", ""linkedin"": ""https://www.linkedin.com/in/michail-desyllas-17785730""}]","[""Caglar Urcan""]",
Appsamurai,https://212.vc/appsamurai/,https://www.linkedin.com/company/app-samurai/,1,1,Emre Fadillioglu,https://www.linkedin.com/in/emrefa,Ali Karabey,"[{""name"": ""Emre Fadillioglu"", ""linkedin"": ""https://www.linkedin.com/in/emrefa""}]","[""Ali Karabey""]",
Arcademonk,https://212.vc/arcademonk/,https://www.linkedin.com/company/arcademonk/,0,0,,,,[],[],
Artboard Studio,https://212.vc/artboard-studio/,https://www.linkedin.com/company/artboard-studio/,1,1,Mucahit Gayiran,https://www.linkedin.com/in/mucahitgayiran,Numan Numan,"[{""name"": ""Mucahit Gayiran"", ""linkedin"": ""https://www.linkedin.com/in/mucahitgayiran""}]","[""Numan Numan""]",
Avatao,https://212.vc/avatao/,https://www.linkedin.com/company/avatao/,1,1,Mark Felegyhazi,https://www.linkedin.com/in/felegyhazi,Ali Karabey,"[{""name"": ""Mark Felegyhazi"", ""linkedin"": ""https://www.linkedin.com/in/felegyhazi""}]","[""Ali Karabey""]",
B2Metric,https://212.vc/b2metric/,https://www.linkedin.com/company/b2metric/,1,1,Murat Hacioglu,https://www.linkedin.com/in/murat-hacioglu,Cagdas Yildiz,"[{""name"": ""Murat Hacioglu"", ""linkedin"": ""https://www.linkedin.com/in/murat-hacioglu""}]","[""Cagdas Yildiz""]",
Balerin,https://212.vc/balerin/,https://www.linkedin.com/company/balerin/,0,0,,,,[],[],
Bolt Insight,https://212.vc/bolt-insight/,https://www.linkedin.com/company/boltinsight/,1,1,Hakan Yurdakul,https://www.linkedin.com/in/hakan-yurdakul-81832b12,Ali Karabey,"[{""name"": ""Hakan Yurdakul"", ""linkedin"": ""https://www.linkedin.com/in/hakan-yurdakul-81832b12""}]","[""Ali Karabey""]",
Butigo,https://212.vc/butigo/,https://www.linkedin.com/company/butigo/,0,0,,,,[],[],
Chooch,https://212.vc/chooch/,https://www.linkedin.com/company/chooch-ai/,1,1,Emrah Gultekin,https://www.linkedin.com/in/emrahgultekin,Numan Numan,"[{""name"": ""Emrah Gultekin"", ""linkedin"": ""https://www.linkedin.com/in/emrahgultekin""}]","[""Numan Numan""]",
Eluvium,https://212.vc/eluvium/,https://www.linkedin.com/company/eluviumai/,1,1,Sean Yu,https://www.linkedin.com/in/yusean,Selma Bahcivanoglu,"[{""name"": ""Sean Yu"", ""linkedin"": ""https://www.linkedin.com/in/yusean""}]","[""Selma Bahcivanoglu""]",
Ever Dye,https://212.vc/ever-dye/,https://www.linkedin.com/company/everdye/,1,1,Philippe Berlan,https://www.linkedin.com/in/philippeberlan,Gizem Yagiz,"[{""name"": ""Philippe Berlan"", ""linkedin"": ""https://www.linkedin.com/in/philippeberlan""}]","[""Gizem Yagiz""]",
Evercopy,https://212.vc/evercopy/,https://www.linkedin.com/company/evercopy/,1,1,Deniz Ozgur,https://www.linkedin.com/in/denizozzgur,Cagdas Yildiz,"[{""name"": ""Deniz Ozgur"", ""linkedin"": ""https://www.linkedin.com/in/denizozzgur""}]","[""Cagdas Yildiz""]",
Evim Net,https://212.vc/evim-net/,https://www.linkedin.com/company/evim-net/,0,0,,,,[],[],
Exomatter,https://212.vc/exomatter/,https://www.linkedin.com/company/exomatter/,1,2,Dr.Josua Vieten,https://www.linkedin.com/in/josua-vieten-a7b412b7,Caglar Urcan | Gizem Yagiz,"[{""name"": ""Dr.Josua Vieten"", ""linkedin"": ""https://www.linkedin.com/in/josua-vieten-a7b412b7""}]","[""Caglar Urcan"", ""Gizem Yagiz""]",
Fazla,https://212.vc/fazla/,https://www.linkedin.com/company/fazlatr/,1,1,Olcay Silahli,https://www.linkedin.com/in/olcay-silahl%C4%B1-65361330,Ali Karabey,"[{""name"": ""Olcay Silahli"", ""linkedin"": ""https://www.linkedin.com/in/olcay-silahl%C4%B1-65361330""}]","[""Ali Karabey""]",
Fibrecoat,https://212.vc/fibrecoat/,https://www.linkedin.com/company/fibrecoat-gmbh/,1,2,Dr.Robert Brüll,https://www.linkedin.com/in/robert-bruell,Caglar Urcan | Gizem Yagiz,"[{""name"": ""Dr.Robert Brüll"", ""linkedin"": ""https://www.linkedin.com/in/robert-bruell""}]","[""Caglar Urcan"", ""Gizem Yagiz""]",
Flow48,https://212.vc/flow48/,https://www.linkedin.com/company/flow48financing/,1,1,Idriss Al Rifai,,Numan Numan,"[{""name"": ""Idriss Al Rifai"", ""linkedin"": """"}]","[""Numan Numan""]",
Freya,https://212.vc/freya/,https://www.linkedin.com/company/freyavoice/,2,1,Tunga Bayrak | Tomas Nepala,https://www.linkedin.com/in/tunga-bayrak | https://www.linkedin.com/in/tomas-nepala,Kıvanç Aydın,"[{""name"": ""Tunga Bayrak"", ""linkedin"": ""https://www.linkedin.com/in/tunga-bayrak""}, {""name"": ""Tomas Nepala"", ""linkedin"": ""https://www.linkedin.com/in/tomas-nepala""}]","[""Kıvanç Aydın""]",
Getmobil,https://212.vc/getmobil/,https://www.linkedin.com/company/getmobil?originalSubdomain=tr/,1,1,Mehmet Uygun,https://www.linkedin.com/in/mehmetuygun,Cem Okay,"[{""name"": ""Mehmet Uygun"", ""linkedin"": ""https://www.linkedin.com/in/mehmetuygun""}]","[""Cem Okay""]",
Haelixa,https://212.vc/haelixa/,https://www.linkedin.com/company/haelixa/,1,1,Gediminas Mikutis,https://www.linkedin.com/in/gmikutis,Caglar Urcan,"[{""name"": ""Gediminas Mikutis"", ""linkedin"": ""https://www.linkedin.com/in/gmikutis""}]","[""Caglar Urcan""]",
Hazinem,https://212.vc/hazinem/,https://www.linkedin.com/company/hazinem/,0,0,,,,[],[],
Hemenkiralik,https://212.vc/hemenkiralik/,https://www.linkedin.com/company/hemenkiralik/,0,0,,,,[],[],
Hotelrunner,https://212.vc/hotelrunner/,https://www.linkedin.com/company/hotelrunner/,2,1,Arden Agopyan | Ali Beklen,https://www.linkedin.com/in/ardenagopyan | https://www.linkedin.com/in/alibeklen,Selma Bahçıvanoğlu,"[{""name"": ""Arden Agopyan"", ""linkedin"": ""https://www.linkedin.com/in/ardenagopyan""}, {""name"": ""Ali Beklen"", ""linkedin"": ""https://www.linkedin.com/in/alibeklen""}]","[""Selma Bahçıvanoğlu""]",
Insider One,https://212.vc/insider-one/,https://www.linkedin.com/company/insiderone/,1,1,Hande Cilingir,https://www.linkedin.com/in/hande-cilingir,Ali Karabey,"[{""name"": ""Hande Cilingir"", ""linkedin"": ""https://www.linkedin.com/in/hande-cilingir""}]","[""Ali Karabey""]",
Juphy,https://212.vc/juphy/,https://www.linkedin.com/company/juphy/,1,1,Alara Eren Iplikcioglu,https://www.linkedin.com/in/alara-eren,Selma Bahcivanoglu,"[{""name"": ""Alara Eren Iplikcioglu"", ""linkedin"": ""https://www.linkedin.com/in/alara-eren""}]","[""Selma Bahcivanoglu""]",
Keyrails,https://212.vc/keyrails/,https://www.linkedin.com/company/keyrails/,1,1,Berhan Kongel,https://www.linkedin.com/in/berhankongel,Ali Karabey,"[{""name"": ""Berhan Kongel"", ""linkedin"": ""https://www.linkedin.com/in/berhankongel""}]","[""Ali Karabey""]",
Khenda,https://212.vc/khenda/,https://www.linkedin.com/company/khenda/,1,1,Cagkan Ekici,https://www.linkedin.com/in/cagkanekici,Selma Bahcivanoglu,"[{""name"": ""Cagkan Ekici"", ""linkedin"": ""https://www.linkedin.com/in/cagkanekici""}]","[""Selma Bahcivanoglu""]",
Mall Iq,https://212.vc/mall-iq/,https://www.linkedin.com/company/mall-iq-inc/,1,1,Batu Sat,https://www.linkedin.com/in/batusat,Numan Numan,"[{""name"": ""Batu Sat"", ""linkedin"": ""https://www.linkedin.com/in/batusat""}]","[""Numan Numan""]",
Marti,https://212.vc/marti/,https://www.linkedin.com/company/marti/,1,1,Alper Öktem,https://www.linkedin.com/in/oguz-alper-oktem-5178b5231,Ali Karabey,"[{""name"": ""Alper Öktem"", ""linkedin"": ""https://www.linkedin.com/in/oguz-alper-oktem-5178b5231""}]","[""Ali Karabey""]",
Meddy,https://212.vc/meddy/,https://www.linkedin.com/company/meddy/,1,1,Haris Aghadi,https://www.linkedin.com/in/harisaghadi,Maher Hakim,"[{""name"": ""Haris Aghadi"", ""linkedin"": ""https://www.linkedin.com/in/harisaghadi""}]","[""Maher Hakim""]",
Metrobi,https://212.vc/metrobi/,https://www.linkedin.com/company/metrobi/,1,1,Oguzhan Uyar,https://www.linkedin.com/in/oguzhanuyar,Ali Karabey,"[{""name"": ""Oguzhan Uyar"", ""linkedin"": ""https://www.linkedin.com/in/oguzhanuyar""}]","[""Ali Karabey""]",
Omma,https://212.vc/omma/,https://www.linkedin.com/company/ommaworks/,1,1,Tolga Sen,https://www.linkedin.com/in/tolgasen,Numan Numan,"[{""name"": ""Tolga Sen"", ""linkedin"": ""https://www.linkedin.com/in/tolgasen""}]","[""Numan Numan""]",
Parcadeposu,https://212.vc/parcadeposu/,https://www.linkedin.com/company/parcadeposu/,0,0,,,,[],[],
Philosopherking,https://212.vc/philosopherking/,https://www.linkedin.com/company/philosopherking/,1,1,Sadok Kohen,https://www.linkedin.com/in/sadokkohen,Ozge Sevim,"[{""name"": ""Sadok Kohen"", ""linkedin"": ""https://www.linkedin.com/in/sadokkohen""}]","[""Ozge Sevim""]",
Phitech,https://212.vc/phitech/,https://www.linkedin.com/company/phitech-bioinformatics/,1,1,Saliha Durmuş,https://www.linkedin.com/in/saliha-durmu%C5%9F-10a11732,Selma Bahçıvanoğlu,"[{""name"": ""Saliha Durmuş"", ""linkedin"": ""https://www.linkedin.com/in/saliha-durmu%C5%9F-10a11732""}]","[""Selma Bahçıvanoğlu""]",
Qrambo,https://212.vc/qrambo/,https://www.linkedin.com/company/qrambo/,1,1,Baransel Soysal,https://www.linkedin.com/in/baransel-soysal,Kıvanç Aydın,"[{""name"": ""Baransel Soysal"", ""linkedin"": ""https://www.linkedin.com/in/baransel-soysal""}]","[""Kıvanç Aydın""]",
Remotepass,https://212.vc/remotepass/,https://www.linkedin.com/company/remotepass/,1,1,Kamal Reggad,https://www.linkedin.com/in/kamalreggad,Ali Karabey,"[{""name"": ""Kamal Reggad"", ""linkedin"": ""https://www.linkedin.com/in/kamalreggad""}]","[""Ali Karabey""]",
Reprai,https://212.vc/reprai/,https://www.linkedin.com/company/reprai/,1,1,Didem Aral,https://www.linkedin.com/in/didem-aral-aaa24122,Selma Bahcivanoglu,"[{""name"": ""Didem Aral"", ""linkedin"": ""https://www.linkedin.com/in/didem-aral-aaa24122""}]","[""Selma Bahcivanoglu""]",
Robolaunch,https://212.vc/robolaunch/,https://www.linkedin.com/company/robolaunch/,1,0,Mükremin Çetinkaya,https://www.linkedin.com/in/mükremin-çetinkaya-36621194,,"[{""name"": ""Mükremin Çetinkaya"", ""linkedin"": ""https://www.linkedin.com/in/mükremin-çetinkaya-36621194""}]",[],
Socradar,https://212.vc/socradar/,https://www.linkedin.com/company/socradar/,1,1,Huzeyfe Onal,https://www.linkedin.com/in/huzeyfe,Numan Numan,"[{""name"": ""Huzeyfe Onal"", ""linkedin"": ""https://www.linkedin.com/in/huzeyfe""}]","[""Numan Numan""]",
Smartmessage,https://212.vc/smartmessage/,https://www.linkedin.com/company/smartmessage/,1,1,Oguz Kucukbarak,https://www.linkedin.com/in/oguz-kucukbarak,Ali Karabey,"[{""name"": ""Oguz Kucukbarak"", ""linkedin"": ""https://www.linkedin.com/in/oguz-kucukbarak""}]","[""Ali Karabey""]",
Solvoyo,https://212.vc/solvoyo/,https://www.linkedin.com/company/solvoyo/,1,1,Koray Doğan,https://www.linkedin.com/in/kodogan,Ali Karabey,"[{""name"": ""Koray Doğan"", ""linkedin"": ""https://www.linkedin.com/in/kodogan""}]","[""Ali Karabey""]",
Syntonym,https://212.vc/syntonym/,https://www.linkedin.com/company/syntonym/,1,1,Batuhan Ozcan – Founder CEO,https://www.linkedin.com/in/mbatuhanoezcan,Cagdas Yildiz,"[{""name"": ""Batuhan Ozcan – Founder CEO"", ""linkedin"": ""https://www.linkedin.com/in/mbatuhanoezcan""}]","[""Cagdas Yildiz""]",
Trio Mobil,https://212.vc/trio-mobil/,https://www.linkedin.com/company/trio-mobil/,1,1,Nevzat Atakli,https://www.linkedin.com/in/nevzat-atakl%C4%B1-b577bb23,Numan Numan,"[{""name"": ""Nevzat Atakli"", ""linkedin"": ""https://www.linkedin.com/in/nevzat-atakl%C4%B1-b577bb23""}]","[""Numan Numan""]",
Vizera,https://212.vc/vizera/,https://www.linkedin.com/company/vizera/,0,0,,,,[],[],
Voltfox,https://212.vc/voltfox/,https://www.linkedin.com/company/voltfoxio/,1,1,Selim Satıcı,https://www.linkedin.com/in/selim-satici,Cagdas Yildiz,"[{""name"": ""Selim Satıcı"", ""linkedin"": ""https://www.linkedin.com/in/selim-satici""}]","[""Cagdas Yildiz""]",
Wellbees,https://212.vc/wellbees/,https://www.linkedin.com/company/wellbeesapp/,1,1,Ceren Melis Abacioglu,https://www.linkedin.com/in/melisabacioglu,Maher Hakim,"[{""name"": ""Ceren Melis Abacioglu"", ""linkedin"": ""https://www.linkedin.com/in/melisabacioglu""}]","[""Maher Hakim""]",
Werover,https://212.vc/werover/,https://www.linkedin.com/company/werovercom/,1,1,Balca Yilmaz,https://www.linkedin.com/in/balca-yilmaz,Selma Bahcivanoglu,"[{""name"": ""Balca Yilmaz"", ""linkedin"": ""https://www.linkedin.com/in/balca-yilmaz""}]","[""Selma Bahcivanoglu""]",
Iyzico,https://212.vc/iyzico/,https://www.linkedin.com/company/iyzico/,1,1,Hande Cilingir,https://www.linkedin.com/in/hande-cilingir,Ali Karabey,"[{""name"": ""Hande Cilingir"", ""linkedin"": ""https://www.linkedin.com/in/hande-cilingir""}]","[""Ali Karabey""]",
One Five,https://212.vc/one-five/,https://www.linkedin.com/company/one-five-com/,1,1,Martin Weber,https://www.linkedin.com/in/martiniweber,Caglar Urcan,"[{""name"": ""Martin Weber"", ""linkedin"": ""https://www.linkedin.com/in/martiniweber""}]","[""Caglar Urcan""]",
