url,status,title,file_path,error
https://www.linkedin.com/in/alikarabey/details/volunteering-experiences,ok,Ali Karabey | LinkedIn,linkedin_0001.html,
https://www.linkedin.com/in/cagdasy/details/volunteering-experiences,ok,Cagdas Yildiz | LinkedIn,linkedin_0002.html,
https://www.linkedin.com/in/caglarurcan/details/volunteering-experiences,ok,Caglar Urcan | LinkedIn,linkedin_0003.html,
https://www.linkedin.com/in/gizem-yagiz-9803b03/details/volunteering-experiences,ok,Gizem Yagiz | LinkedIn,linkedin_0005.html,
https://www.linkedin.com/in/aydin-kivanc/details/volunteering-experiences,ok,Kıvanç Aydın | LinkedIn,linkedin_0006.html,
https://www.linkedin.com/in/maherhakim/details/volunteering-experiences,ok,Maher Hakim | LinkedIn,linkedin_0007.html,
https://www.linkedin.com/in/numannuman/details/volunteering-experiences,ok,Numan Numan | LinkedIn,linkedin_0008.html,
https://www.linkedin.com/in/ozgesevim/details/volunteering-experiences,ok,Özge Sevim | LinkedIn,linkedin_0009.html,
https://www.linkedin.com/in/selmabahcivanoglu/details/volunteering-experiences,ok,Selma Bahçıvanoğlu | LinkedIn,linkedin_0010.html,
